"Position","Name","Salary","GameInfo","AvgPointsPerGame"
"QB","Peyton Manning",8800,"KC@Den 04:25PM ET",27.325
"WR","Calvin Johnson",8500,"Det@Car 01:00PM ET",23.229
"QB","Andrew Luck",8400,"Phi@Ind 08:30PM ET",20.641
"QB","Drew Brees",8300,"NO@Cle 01:00PM ET",24.297
"QB","Matthew Stafford",8300,"Det@Car 01:00PM ET",19.994
"RB","LeSean McCoy",8200,"Phi@Ind 08:30PM ET",22.047
"WR","A.J. Green",8200,"Atl@Cin 01:00PM ET",19.471
"QB","Matt Ryan",8100,"Atl@Cin 01:00PM ET",18.131
"QB","Nick Foles",8100,"Phi@Ind 08:30PM ET",20.417
"WR","Brandon Marshall",8000,"Chi@SF 08:30PM ET",20.219
"RB","Matt Forte",8000,"Chi@SF 08:30PM ET",22.144
"QB","Aaron Rodgers",7900,"NYJ@GB 04:25PM ET",19.962
"QB","Colin Kaepernick",7900,"Chi@SF 08:30PM ET",18.243
"QB","Jay Cutler",7700,"Chi@SF 08:30PM ET",17.240
"QB","Cam Newton",7700,"Det@Car 01:00PM ET",19.573
"WR","Antonio Brown",7600,"Pit@Bal 08:25PM ET",20.619
"RB","Le'Veon Bell",7600,"Pit@Bal 08:25PM ET",16.992
"QB","Andy Dalton",7500,"Atl@Cin 01:00PM ET",20.352
"RB","DeMarco Murray",7500,"Dal@Ten 01:00PM ET",19.150
"WR","Julio Jones",7500,"Atl@Cin 01:00PM ET",23.940
"RB","Adrian Peterson",7400,"NE@Min 01:00PM ET",17.907
"RB","Jamaal Charles",7400,"KC@Den 04:25PM ET",24.800
"QB","Carson Palmer",7300,"Ari@NYG 01:00PM ET",16.079
"QB","Ben Roethlisberger",7300,"Pit@Bal 08:25PM ET",18.365
"QB","Robert Griffin III",7300,"Jax@Was 01:00PM ET",18.309
"RB","Marshawn Lynch",7200,"Sea@SD 04:05PM ET",18.179
"QB","Jake Locker",7100,"Dal@Ten 01:00PM ET",15.391
"WR","Dez Bryant",7100,"Dal@Ten 01:00PM ET",19.088
"QB","Russell Wilson",7100,"Sea@SD 04:05PM ET",17.334
"TE","Julius Thomas",7100,"KC@Den 04:25PM ET",15.153
"QB","Tom Brady",7000,"NE@Min 01:00PM ET",17.396
"RB","Arian Foster",7000,"Hou@Oak 04:25PM ET",14.313
"TE","Jimmy Graham",7000,"NO@Cle 01:00PM ET",18.372
"WR","Demaryius Thomas",7000,"KC@Den 04:25PM ET",22.032
"QB","Tony Romo",6800,"Dal@Ten 01:00PM ET",18.928
"RB","Montee Ball",6800,"KC@Den 04:25PM ET",6.868
"WR","Jordy Nelson",6600,"NYJ@GB 04:25PM ET",17.565
"QB","Ryan Tannehill",6500,"Mia@Buf 01:00PM ET",17.208
"QB","Derek Anderson",6400,"Det@Car 01:00PM ET",0.000
"WR","Andre Johnson",6400,"Hou@Oak 04:25PM ET",18.606
"QB","Joe Flacco",6400,"Pit@Bal 08:25PM ET",15.036
"WR","Percy Harvin",6400,"Sea@SD 04:05PM ET",6.900
"WR","Pierre Garcon",6400,"Jax@Was 01:00PM ET",18.344
"WR","Randall Cobb",6400,"NYJ@GB 04:25PM ET",17.043
"QB","Alex Smith",6300,"KC@Den 04:25PM ET",18.940
"RB","Giovani Bernard",6300,"Atl@Cin 01:00PM ET",14.218
"WR","Cordarrelle Patterson",6300,"NE@Min 01:00PM ET",10.294
"QB","Eli Manning",6200,"Ari@NYG 01:00PM ET",13.020
"WR","Larry Fitzgerald",6200,"Ari@NYG 01:00PM ET",15.200
"QB","Philip Rivers",6200,"Sea@SD 04:05PM ET",19.034
"WR","Julian Edelman",6200,"NE@Min 01:00PM ET",16.833
"WR","Alshon Jeffery",6200,"Chi@SF 08:30PM ET",18.725
"QB","Geno Smith",6200,"NYJ@GB 04:25PM ET",13.921
"WR","Roddy White",6100,"Atl@Cin 01:00PM ET",11.221
"WR","Jeremy Maclin",6100,"Phi@Ind 08:30PM ET",0
"WR","Mike Wallace",6100,"Mia@Buf 01:00PM ET",13.206
"RB","Reggie Bush",6000,"Det@Car 01:00PM ET",18.229
"WR","Victor Cruz",6000,"Ari@NYG 01:00PM ET",14.843
"QB","Chad Henne",6000,"Jax@Was 01:00PM ET",12.289
"WR","Emmanuel Sanders",6000,"KC@Den 04:25PM ET",11.344
"RB","C.J. Spiller",6000,"Mia@Buf 01:00PM ET",11.187
"TE","Rob Gronkowski",6000,"NE@Min 01:00PM ET",18.743
"WR","Michael Floyd",6000,"Ari@NYG 01:00PM ET",12.819
"QB","EJ Manuel",6000,"Mia@Buf 01:00PM ET",14.548
"RB","Eddie Lacy",6000,"NYJ@GB 04:25PM ET",16.644
"TE","Greg Olsen",5900,"Det@Car 01:00PM ET",11.771
"RB","Chris Johnson",5900,"NYJ@GB 04:25PM ET",15.513
"RB","Shane Vereen",5900,"NE@Min 01:00PM ET",16.010
"WR","Kelvin Benjamin",5900,"Det@Car 01:00PM ET",0
"WR","Kendall Wright",5800,"Dal@Ten 01:00PM ET",13.744
"RB","Andre Ellington",5800,"Ari@NYG 01:00PM ET",11.220
"QB","Josh McCown",5700,"StL@TB 04:05PM ET",18.383
"TE","Vernon Davis",5700,"Chi@SF 08:30PM ET",13.300
"RB","Knowshon Moreno",5700,"Mia@Buf 01:00PM ET",17.516
"TE","Dennis Pitta",5600,"Pit@Bal 08:25PM ET",10.725
"TE","Martellus Bennett",5600,"Chi@SF 08:30PM ET",10.619
"WR","Steve Smith Sr.",5500,"Pit@Bal 08:25PM ET",11.244
"RB","Zac Stacy",5500,"StL@TB 04:05PM ET",14.029
"WR","Marques Colston",5400,"NO@Cle 01:00PM ET",14.312
"WR","Keenan Allen",5400,"Sea@SD 04:05PM ET",16.229
"WR","Reggie Wayne",5300,"Phi@Ind 08:30PM ET",15.114
"WR","Anquan Boldin",5300,"Chi@SF 08:30PM ET",15.774
"WR","Eric Decker",5300,"NYJ@GB 04:25PM ET",16.574
"WR","DeSean Jackson",5300,"Jax@Was 01:00PM ET",17.218
"QB","Derek Carr",5300,"Hou@Oak 04:25PM ET",0
"RB","Joique Bell",5300,"Det@Car 01:00PM ET",13.731
"WR","Brandin Cooks",5300,"NO@Cle 01:00PM ET",0
"QB","Matt Cassel",5200,"NE@Min 01:00PM ET",13.442
"RB","Pierre Thomas",5200,"NO@Cle 01:00PM ET",13.263
"RB","Alfred Morris",5200,"Jax@Was 01:00PM ET",11.956
"WR","Golden Tate",5200,"Det@Car 01:00PM ET",10.895
"WR","Greg Jennings",5100,"NE@Min 01:00PM ET",11.693
"RB","Darren Sproles",5100,"Phi@Ind 08:30PM ET",11.576
"RB","Rashad Jennings",5100,"Ari@NYG 01:00PM ET",12.033
"WR","Michael Crabtree",5100,"Chi@SF 08:30PM ET",11.838
"RB","Doug Martin",5100,"StL@TB 04:05PM ET",12.033
"WR","Allen Hurns",5100,"Jax@Was 01:00PM ET",0
"QB","Matt Hasselbeck",5000,"Phi@Ind 08:30PM ET",1.333
"QB","Michael Vick",5000,"NYJ@GB 04:25PM ET",15.571
"QB","Jason Campbell",5000,"Atl@Cin 01:00PM ET",14.256
"QB","Charlie Whitehurst",5000,"Dal@Ten 01:00PM ET",-0.250
"QB","Tarvaris Jackson",5000,"Sea@SD 04:05PM ET",3.228
"QB","Kyle Orton",5000,"Mia@Buf 01:00PM ET",8.573
"QB","Bruce Gradkowski",5000,"Pit@Bal 08:25PM ET",0
"QB","Ryan Fitzpatrick",5000,"Hou@Oak 04:25PM ET",17.060
"QB","Dan Orlovsky",5000,"Det@Car 01:00PM ET",0.000
"QB","Kellen Clemens",5000,"Sea@SD 04:05PM ET",9.632
"QB","Shaun Hill",5000,"StL@TB 04:05PM ET",-0.100
"QB","Matt Moore",5000,"Mia@Buf 01:00PM ET",0.120
"QB","Drew Stanton",5000,"Ari@NYG 01:00PM ET",0
"WR","Vincent Jackson",5000,"StL@TB 04:05PM ET",15.900
"QB","Matt Flynn",5000,"NYJ@GB 04:25PM ET",11.883
"QB","Matt Schaub",5000,"Hou@Oak 04:25PM ET",12.580
"QB","Luke McCown",5000,"NO@Cle 01:00PM ET",-0.022
"QB","Brian Hoyer",5000,"NO@Cle 01:00PM ET",15.400
"RB","Justin Forsett",5000,"Pit@Bal 08:25PM ET",2.922
"QB","Josh Johnson",5000,"Chi@SF 08:30PM ET",1.000
"QB","Joe Webb",5000,"Det@Car 01:00PM ET",0.519
"QB","Mark Sanchez",5000,"Phi@Ind 08:30PM ET",0
"QB","Chase Daniel",5000,"KC@Den 04:25PM ET",3.624
"QB","Colt McCoy",5000,"Jax@Was 01:00PM ET",-0.020
"QB","T.J. Yates",5000,"Atl@Cin 01:00PM ET",0.840
"QB","Christian Ponder",5000,"NE@Min 01:00PM ET",13.336
"QB","Scott Tolzien",5000,"NYJ@GB 04:25PM ET",14.060
"RB","Toby Gerhart",5000,"Jax@Was 01:00PM ET",4.364
"QB","Case Keenum",5000,"StL@TB 04:05PM ET",14.325
"QB","Jimmy Clausen",5000,"Chi@SF 08:30PM ET",0
"QB","Ryan Mallett",5000,"Hou@Oak 04:25PM ET",0
"QB","Kellen Moore",5000,"Det@Car 01:00PM ET",0
"QB","Brandon Weeden",5000,"Dal@Ten 01:00PM ET",12.955
"WR","Torrey Smith",5000,"Pit@Bal 08:25PM ET",13.113
"QB","Tyrod Taylor",5000,"Pit@Bal 08:25PM ET",2.360
"QB","Austin Davis",5000,"StL@TB 04:05PM ET",0
"QB","Kirk Cousins",5000,"Jax@Was 01:00PM ET",9.112
"QB","Landry Jones",5000,"Pit@Bal 08:25PM ET",0
"QB","Blaine Gabbert",5000,"Chi@SF 08:30PM ET",6.480
"QB","Sean Renfree",5000,"Atl@Cin 01:00PM ET",0
"QB","Mike Glennon",5000,"StL@TB 04:05PM ET",13.155
"QB","Ryan Nassib",5000,"Ari@NYG 01:00PM ET",0
"WR","T.Y. Hilton",5000,"Phi@Ind 08:30PM ET",16.867
"QB","Matt McGloin",5000,"Hou@Oak 04:25PM ET",12.511
"QB","Matt Barkley",5000,"Phi@Ind 08:30PM ET",2.267
"QB","Zach Mettenberger",5000,"Dal@Ten 01:00PM ET",0
"QB","Aaron Murray",5000,"KC@Den 04:25PM ET",0
"QB","Brock Osweiler",5000,"KC@Den 04:25PM ET",1.000
"QB","Logan Thomas",5000,"Ari@NYG 01:00PM ET",0
"QB","Tom Savage",5000,"Hou@Oak 04:25PM ET",0
"QB","David Fales",5000,"Chi@SF 08:30PM ET",0
"QB","Jimmy Garoppolo",5000,"NE@Min 01:00PM ET",0
"QB","Blake Bortles",5000,"Jax@Was 01:00PM ET",0
"QB","Teddy Bridgewater",5000,"NE@Min 01:00PM ET",0
"QB","Johnny Manziel",5000,"NO@Cle 01:00PM ET",0
"QB","Dustin Vaughan",5000,"Dal@Ten 01:00PM ET",0
"RB","Frank Gore",4900,"Chi@SF 08:30PM ET",12.205
"WR","Andrew Hawkins",4900,"NO@Cle 01:00PM ET",4.133
"WR","Markus Wheaton",4900,"Pit@Bal 08:25PM ET",1.033
"WR","Donnie Avery",4800,"KC@Den 04:25PM ET",7.594
"RB","Chris Ivory",4800,"NYJ@GB 04:25PM ET",7.553
"WR","Brian Quick",4800,"StL@TB 04:05PM ET",3.763
"RB","Bobby Rainey",4800,"StL@TB 04:05PM ET",7.325
"TE","Zach Ertz",4800,"Phi@Ind 08:30PM ET",6.947
"WR","DeAndre Hopkins",4800,"Hou@Oak 04:25PM ET",9.138
"RB","Terrance West",4800,"NO@Cle 01:00PM ET",0
"WR","Hakeem Nicks",4700,"Phi@Ind 08:30PM ET",10.307
"WR","Terrance Williams",4700,"Dal@Ten 01:00PM ET",9.438
"RB","Ben Tate",4600,"NO@Cle 01:00PM ET",10.721
"RB","Trent Richardson",4600,"Phi@Ind 08:30PM ET",8.056
"RB","Lamar Miller",4600,"Mia@Buf 01:00PM ET",7.994
"WR","Rod Streater",4600,"Hou@Oak 04:25PM ET",11.031
"WR","Dwayne Bowe",4500,"KC@Den 04:25PM ET",11.644
"RB","James Starks",4500,"NYJ@GB 04:25PM ET",7.171
"RB","Danny Woodhead",4500,"Sea@SD 04:05PM ET",13.728
"RB","Ryan Mathews",4500,"Sea@SD 04:05PM ET",13.356
"RB","Mark Ingram",4500,"NO@Cle 01:00PM ET",6.746
"WR","Cecil Shorts III",4500,"Jax@Was 01:00PM ET",12.669
"RB","Jonathan Dwyer",4400,"Ari@NYG 01:00PM ET",2.273
"WR","Devin Hester",4300,"Atl@Cin 01:00PM ET",0.313
"WR","Rueben Randle",4300,"Ari@NYG 01:00PM ET",8.756
"WR","Justin Hunter",4300,"Dal@Ten 01:00PM ET",5.957
"WR","Marqise Lee",4300,"Jax@Was 01:00PM ET",0
"WR","Santonio Holmes",4200,"Chi@SF 08:30PM ET",7.055
"DST","Seahawks ",4100,"Sea@SD 04:05PM ET",12.474
"WR","Harry Douglas",4100,"Atl@Cin 01:00PM ET",13.169
"RB","Steven Jackson",4100,"Atl@Cin 01:00PM ET",12.367
"TE","Dwayne Allen",4100,"Phi@Ind 08:30PM ET",9.000
"WR","James Jones",4000,"Hou@Oak 04:25PM ET",11.180
"RB","Ahmad Bradshaw",4000,"Phi@Ind 08:30PM ET",13.933
"WR","Riley Cooper",4000,"Phi@Ind 08:30PM ET",12.476
"RB","Fred Jackson",4000,"Mia@Buf 01:00PM ET",14.856
"WR","Mike Evans",4000,"StL@TB 04:05PM ET",0
"RB","Jordan Todman",3900,"Jax@Was 01:00PM ET",4.513
"TE","Kyle Rudolph",3900,"NE@Min 01:00PM ET",9.913
"WR","Kenny Stills",3900,"NO@Cle 01:00PM ET",7.594
"TE","Jason Witten",3800,"Dal@Ten 01:00PM ET",13.444
"TE","Jordan Cameron",3800,"NO@Cle 01:00PM ET",14.647
"WR","Marvin Jones",3800,"Atl@Cin 01:00PM ET",12.688
"RB","Stepfan Taylor",3800,"Ari@NYG 01:00PM ET",1.663
"TE","Delanie Walker",3700,"Dal@Ten 01:00PM ET",10.207
"RB","Stevan Ridley",3700,"NE@Min 01:00PM ET",9.713
"WR","Tavon Austin",3700,"StL@TB 04:05PM ET",10.377
"WR","Kenbrell Thompkins",3700,"NE@Min 01:00PM ET",8.123
"RB","Maurice Jones-Drew",3600,"Hou@Oak 04:25PM ET",12.735
"WR","Danny Amendola",3600,"NE@Min 01:00PM ET",10.650
"WR","Brian Hartline",3600,"Mia@Buf 01:00PM ET",12.975
"RB","Bernard Pierce",3600,"Pit@Bal 08:25PM ET",5.375
"WR","Sammy Watkins",3600,"Mia@Buf 01:00PM ET",0
"DST","Texans ",3500,"Hou@Oak 04:25PM ET",4.500
"TE","John Carlson",3500,"Ari@NYG 01:00PM ET",5.492
"TE","Brandon Myers",3500,"StL@TB 04:05PM ET",7.700
"TE","Jared Cook",3500,"StL@TB 04:05PM ET",9.381
"WR","Robert Woods",3500,"Mia@Buf 01:00PM ET",8.593
"RB","DeAngelo Williams",3400,"Det@Car 01:00PM ET",10.619
"TE","Anthony Fasano",3400,"KC@Den 04:25PM ET",6.360
"WR","Nate Washington",3400,"Dal@Ten 01:00PM ET",11.056
"WR","Malcom Floyd",3400,"Sea@SD 04:05PM ET",11.950
"TE","Jeff Cumberland",3400,"NYJ@GB 04:25PM ET",5.987
"WR","Denarius Moore",3400,"Hou@Oak 04:25PM ET",11.423
"WR","Doug Baldwin",3400,"Sea@SD 04:05PM ET",10.558
"WR","Mohamed Sanu",3400,"Atl@Cin 01:00PM ET",6.376
"RB","Benny Cunningham",3400,"StL@TB 04:05PM ET",3.429
"DST","Rams ",3300,"StL@TB 04:05PM ET",10.063
"DST","Cardinals ",3300,"Ari@NYG 01:00PM ET",10.625
"DST","Steelers ",3300,"Pit@Bal 08:25PM ET",7.313
"TE","Heath Miller",3300,"Pit@Bal 08:25PM ET",8.736
"WR","Lance Moore",3300,"Pit@Bal 08:25PM ET",7.253
"RB","Shonn Greene",3300,"Dal@Ten 01:00PM ET",5.764
"RB","Donald Brown",3300,"Sea@SD 04:05PM ET",10.217
"WR","Jacoby Jones",3300,"Pit@Bal 08:25PM ET",8.625
"WR","Jerrel Jernigan",3300,"Ari@NYG 01:00PM ET",5.640
"RB","Carlos Hyde",3300,"Chi@SF 08:30PM ET",0
"WR","Jordan Matthews",3300,"Phi@Ind 08:30PM ET",0
"RB","Isaiah Crowell",3300,"NO@Cle 01:00PM ET",0
"DST","Packers ",3200,"NYJ@GB 04:25PM ET",6.647
"DST","Patriots ",3200,"NE@Min 01:00PM ET",8.778
"DST","49ers ",3200,"Chi@SF 08:30PM ET",10.105
"DST","Buccaneers ",3200,"StL@TB 04:05PM ET",8.000
"DST","Ravens ",3200,"Pit@Bal 08:25PM ET",7.813
"TE","Marcedes Lewis",3200,"Jax@Was 01:00PM ET",7.627
"TE","Antonio Gates",3200,"Sea@SD 04:05PM ET",10.928
"TE","Charles Clay",3200,"Mia@Buf 01:00PM ET",11.963
"TE","Ladarius Green",3200,"Sea@SD 04:05PM ET",4.872
"RB","Andre Williams",3200,"Ari@NYG 01:00PM ET",0
"DST","Bengals ",3100,"Atl@Cin 01:00PM ET",10.412
"DST","Broncos ",3100,"KC@Den 04:25PM ET",7.000
"DST","Lions ",3100,"Det@Car 01:00PM ET",7.000
"WR","Jeremy Kerley",3100,"NYJ@GB 04:25PM ET",9.533
"TE","Niles Paul",3100,"Jax@Was 01:00PM ET",0.607
"TE","Jordan Reed",3100,"Jax@Was 01:00PM ET",13.078
"WR","Odell Beckham Jr.",3100,"Ari@NYG 01:00PM ET",0
"TE","Eric Ebron",3100,"Det@Car 01:00PM ET",0
"TE","Troy Niklas",3100,"Ari@NYG 01:00PM ET",0
"DST","Bills ",3000,"Mia@Buf 01:00PM ET",9.063
"DST","Raiders ",3000,"Hou@Oak 04:25PM ET",6.500
"DST","Dolphins ",3000,"Mia@Buf 01:00PM ET",7.750
"DST","Saints ",3000,"NO@Cle 01:00PM ET",6.333
"TE","Mike Leach",3000,"Ari@NYG 01:00PM ET",0.000
"WR","Santana Moss",3000,"Jax@Was 01:00PM ET",6.231
"RB","Ronnie Brown",3000,"Hou@Oak 04:25PM ET",3.172
"TE","Alex Smith",3000,"Atl@Cin 01:00PM ET",0.638
"WR","Micheal Spurlock",3000,"Chi@SF 08:30PM ET",0.000
"TE","Owen Daniels",3000,"Pit@Bal 08:25PM ET",13.440
"WR","Courtney Roby",3000,"Atl@Cin 01:00PM ET",0
"WR","Brad Smith",3000,"Phi@Ind 08:30PM ET",0.700
"TE","Daniel Fells",3000,"Ari@NYG 01:00PM ET",0
"WR","Brandon Lloyd",3000,"Chi@SF 08:30PM ET",0
"WR","Derek Hagan",3000,"Dal@Ten 01:00PM ET",0
"TE","Craig Stevens",3000,"Dal@Ten 01:00PM ET",0.167
"TE","Dante Rosario",3000,"Chi@SF 08:30PM ET",0.153
"RB","Leon Washington",3000,"Dal@Ten 01:00PM ET",0.014
"WR","Jason Avant",3000,"Det@Car 01:00PM ET",5.929
"TE","Scott Chandler",3000,"Mia@Buf 01:00PM ET",8.094
"TE","Clark Harris",3000,"Atl@Cin 01:00PM ET",0.000
"RB","Jackie Battle",3000,"Dal@Ten 01:00PM ET",1.738
"RB","Montell Owens",3000,"Det@Car 01:00PM ET",0.000
"WR","Miles Austin",3000,"NO@Cle 01:00PM ET",4.400
"WR","Andre Caldwell",3000,"KC@Den 04:25PM ET",3.121
"TE","Jacob Tamme",3000,"KC@Den 04:25PM ET",3.037
"WR","Robert Meachem",3000,"NO@Cle 01:00PM ET",4.365
"RB","Tyler Clutts",3000,"Dal@Ten 01:00PM ET",0.050
"TE","Brent Celek",3000,"Phi@Ind 08:30PM ET",7.106
"WR","Eric Weems",3000,"Atl@Cin 01:00PM ET",0.113
"WR","Matthew Slater",3000,"NE@Min 01:00PM ET",0.000
"RB","Frank Summers",3000,"Mia@Buf 01:00PM ET",2.100
"TE","Benjamin Watson",3000,"NO@Cle 01:00PM ET",3.429
"WR","Jerricho Cotchery",3000,"Det@Car 01:00PM ET",10.544
"WR","Josh Morgan",3000,"Chi@SF 08:30PM ET",3.050
"WR","Eddie Royal",3000,"Sea@SD 04:05PM ET",9.906
"WR","Ted Ginn Jr.",3000,"Ari@NYG 01:00PM ET",8.347
"TE","Brandon Pettigrew",3000,"Det@Car 01:00PM ET",6.686
"RB","Jerome Felton",3000,"NE@Min 01:00PM ET",0.746
"TE","Zach Miller",3000,"Sea@SD 04:05PM ET",6.547
"TE","Darren Fells",3000,"Ari@NYG 01:00PM ET",0
"TE","Bear Pascoe",3000,"Atl@Cin 01:00PM ET",1.269
"RB","Peyton Hillis",3000,"Ari@NYG 01:00PM ET",8.329
"RB","Cedric Peerman",3000,"Atl@Cin 01:00PM ET",0.100
"RB","Mike Tolbert",3000,"Det@Car 01:00PM ET",7.382
"RB","Tony Fiammetta",3000,"Chi@SF 08:30PM ET",0.606
"RB","Jed Collins",3000,"Det@Car 01:00PM ET",1.661
"TE","Gary Barnidge",3000,"NO@Cle 01:00PM ET",2.356
"RB","Will Ta'ufo'ou",3000,"Jax@Was 01:00PM ET",0.881
"WR","Darrius Heyward-Bey",3000,"Pit@Bal 08:25PM ET",4.147
"RB","John Kuhn",3000,"NYJ@GB 04:25PM ET",2.481
"WR","Seyi Ajirotutu",3000,"Sea@SD 04:05PM ET",0.963
"RB","Darren McFadden",3000,"Hou@Oak 04:25PM ET",10.234
"WR","Brandon Tate",3000,"Atl@Cin 01:00PM ET",0.094
"TE","David Johnson",3000,"Sea@SD 04:05PM ET",2.200
"RB","Darrel Young",3000,"Jax@Was 01:00PM ET",3.015
"TE","Clay Harbor",3000,"Jax@Was 01:00PM ET",4.013
"TE","Ed Dickson",3000,"Det@Car 01:00PM ET",3.644
"RB","Jonathan Stewart",3000,"Det@Car 01:00PM ET",4.900
"WR","David Nelson",3000,"NYJ@GB 04:25PM ET",7.525
"RB","Antone Smith",3000,"Atl@Cin 01:00PM ET",1.967
"WR","Brandon Gibson",3000,"Mia@Buf 01:00PM ET",11.514
"TE","Logan Paulsen",3000,"Jax@Was 01:00PM ET",4.419
"RB","Jorvorskie Lane",3000,"StL@TB 04:05PM ET",0
"TE","Garrett Graham",3000,"Hou@Oak 04:25PM ET",10.423
"TE","Andrew DePaola",3000,"StL@TB 04:05PM ET",0
"WR","Brandon LaFell",3000,"NE@Min 01:00PM ET",9.071
"TE","Richie Brockel",3000,"Det@Car 01:00PM ET",0.076
"WR","Kevin Ogletree",3000,"Det@Car 01:00PM ET",3.744
"TE","David Ausberry",3000,"Hou@Oak 04:25PM ET",0
"TE","Jim Dray",3000,"NO@Cle 01:00PM ET",3.656
"RB","Erik Lorig",3000,"NO@Cle 01:00PM ET",1.047
"WR","Kris Durham",3000,"Dal@Ten 01:00PM ET",6.125
"TE","Virgil Green",3000,"KC@Den 04:25PM ET",0.811
"TE","John Phillips",3000,"Sea@SD 04:05PM ET",0.467
"RB","Shaun Draughn",3000,"Chi@SF 08:30PM ET",0.067
"TE","Ryan Taylor",3000,"NYJ@GB 04:25PM ET",0.600
"WR","Preston Parker",3000,"Ari@NYG 01:00PM ET",0
"WR","Greg Salas",3000,"NYJ@GB 04:25PM ET",2.788
"RB","Mario Harvey",3000,"Phi@Ind 08:30PM ET",0.000
"RB","Marcel Reece",3000,"Hou@Oak 04:25PM ET",7.174
"WR","Dwayne Harris",3000,"Dal@Ten 01:00PM ET",2.662
"RB","Bruce Miller",3000,"Chi@SF 08:30PM ET",3.614
"TE","Rob Housler",3000,"Ari@NYG 01:00PM ET",6.954
"TE","Kyle Nelson",3000,"Chi@SF 08:30PM ET",0.000
"TE","Matthew Mulligan",3000,"Chi@SF 08:30PM ET",0.659
"WR","Bryan Walters",3000,"Sea@SD 04:05PM ET",0.000
"TE","Mickey Shuler",3000,"Jax@Was 01:00PM ET",0
"WR","Andre Roberts",3000,"Jax@Was 01:00PM ET",6.381
"TE","Lance Kendricks",3000,"StL@TB 04:05PM ET",5.453
"RB","Anthony Dixon",3000,"Mia@Buf 01:00PM ET",1.668
"WR","Jeremy Ross",3000,"Det@Car 01:00PM ET",2.592
"RB","Chase Reynolds",3000,"StL@TB 04:05PM ET",0.000
"TE","Jermaine Gresham",3000,"Atl@Cin 01:00PM ET",8.813
"TE","Michael Hoomanawanui",3000,"NE@Min 01:00PM ET",2.567
"WR","Joseph Morgan",3000,"NO@Cle 01:00PM ET",0
"WR","Stevie Johnson",3000,"Chi@SF 08:30PM ET",11.225
"TE","Lee Smith",3000,"Mia@Buf 01:00PM ET",0.800
"TE","Luke Stocker",3000,"StL@TB 04:05PM ET",0.000
"RB","Dexter McCluster",3000,"Dal@Ten 01:00PM ET",8.819
"WR","Mike Williams",3000,"Mia@Buf 01:00PM ET",9.267
"WR","Kenny Britt",3000,"StL@TB 04:05PM ET",1.717
"TE","Andrew Quarless",3000,"NYJ@GB 04:25PM ET",4.529
"RB","James Develin",3000,"NE@Min 01:00PM ET",0.956
"WR","Ryan Broyles",3000,"Det@Car 01:00PM ET",2.750
"RB","Fozzy Whittaker",3000,"Det@Car 01:00PM ET",4.029
"WR","Marcus Easley",3000,"Mia@Buf 01:00PM ET",0.206
"WR","Austin Pettis",3000,"StL@TB 04:05PM ET",6.369
"TE","James Casey",3000,"Phi@Ind 08:30PM ET",0.381
"TE","Adrien Robinson",3000,"Ari@NYG 01:00PM ET",0.000
"RB","Matt Asiata",3000,"NE@Min 01:00PM ET",3.900
"RB","DuJuan Harris",3000,"NYJ@GB 04:25PM ET",0
"WR","Deonte Thompson",3000,"Pit@Bal 08:25PM ET",2.800
"RB","Daniel Herron",3000,"Phi@Ind 08:30PM ET",1.667
"WR","Dane Sanzenbacher",3000,"Atl@Cin 01:00PM ET",1.210
"RB","Henry Hynoski",3000,"Ari@NYG 01:00PM ET",0.500
"TE","Rhett Ellison",3000,"NE@Min 01:00PM ET",1.555
"RB","Joe McKnight",3000,"KC@Den 04:25PM ET",0
"WR","Nick Toon",3000,"NO@Cle 01:00PM ET",1.350
"WR","Dontrelle Inman",3000,"Sea@SD 04:05PM ET",0
"TE","Coby Fleener",3000,"Phi@Ind 08:30PM ET",9.600
"WR","Kamar Aiken",3000,"Pit@Bal 08:25PM ET",0
"RB","Robert Hughes",3000,"Ari@NYG 01:00PM ET",1.600
"RB","Travaris Cadet",3000,"NO@Cle 01:00PM ET",0.567
"RB","Anthony Sherman",3000,"KC@Den 04:25PM ET",2.759
"WR","Mike Brown",3000,"Jax@Was 01:00PM ET",8.236
"WR","Aldrick Robinson",3000,"Jax@Was 01:00PM ET",4.131
"WR","Jeff Maehl",3000,"Phi@Ind 08:30PM ET",0.982
"RB","Robert Turbin",3000,"Sea@SD 04:05PM ET",2.384
"TE","Larry Donnell",3000,"Ari@NYG 01:00PM ET",0.381
"RB","Bilal Powell",3000,"NYJ@GB 04:25PM ET",8.944
"RB","Will Johnson",3000,"Pit@Bal 08:25PM ET",1.131
"RB","Roy Helu Jr.",3000,"Jax@Was 01:00PM ET",6.719
"WR","Junior Hemingway",3000,"KC@Den 04:25PM ET",2.441
"RB","Patrick DiMarco",3000,"Atl@Cin 01:00PM ET",0.921
"TE","Zach Sudfeld",3000,"NYJ@GB 04:25PM ET",0.807
"TE","James Hanna",3000,"Dal@Ten 01:00PM ET",1.206
"TE","Travis Kelce",3000,"KC@Den 04:25PM ET",0.000
"RB","Cyrus Gray",3000,"KC@Den 04:25PM ET",0.853
"RB","Austin Johnson",3000,"NO@Cle 01:00PM ET",0
"RB","LeGarrette Blount",3000,"Pit@Bal 08:25PM ET",9.456
"RB","Chris Polk",3000,"Phi@Ind 08:30PM ET",2.369
"RB","Jacquizz Rodgers",3000,"Atl@Cin 01:00PM ET",9.487
"RB","LaMichael James",3000,"Chi@SF 08:30PM ET",0.731
"TE","Mychal Rivera",3000,"Hou@Oak 04:25PM ET",6.419
"WR","Brice Butler",3000,"Hou@Oak 04:25PM ET",1.930
"WR","Jermaine Kearse",3000,"Sea@SD 04:05PM ET",5.895
"WR","Cole Beasley",3000,"Dal@Ten 01:00PM ET",6.271
"RB","Zach Line",3000,"NE@Min 01:00PM ET",0.600
"TE","Taylor Thompson",3000,"Dal@Ten 01:00PM ET",0.644
"WR","Chris Owusu",3000,"StL@TB 04:05PM ET",2.711
"WR","Griff Whalen",3000,"Phi@Ind 08:30PM ET",7.109
"WR","Brenton Bersin",3000,"Det@Car 01:00PM ET",0
"RB","Derrick Coleman",3000,"Sea@SD 04:05PM ET",1.367
"TE","Cory Harkey",3000,"StL@TB 04:05PM ET",2.420
"RB","Jonathan Grimes",3000,"Hou@Oak 04:25PM ET",12.950
"WR","Frankie Hammond Jr.",3000,"KC@Den 04:25PM ET",0
"TE","Beau Brinkley",3000,"Dal@Ten 01:00PM ET",0.000
"WR","Jaron Brown",3000,"Ari@NYG 01:00PM ET",1.938
"WR","T.J. Graham",3000,"Dal@Ten 01:00PM ET",4.469
"WR","Chris Givens",3000,"StL@TB 04:05PM ET",5.856
"WR","A.J. Jenkins",3000,"KC@Den 04:25PM ET",1.488
"RB","Glenn Winston",3000,"NO@Cle 01:00PM ET",0
"WR","Keshawn Martin",3000,"Hou@Oak 04:25PM ET",4.019
"TE","MarQueis Gray",3000,"NE@Min 01:00PM ET",0.592
"WR","DeVier Posey",3000,"Hou@Oak 04:25PM ET",2.179
"WR","Jarrett Boykin",3000,"NYJ@GB 04:25PM ET",8.300
"WR","LaRon Byrd",3000,"NO@Cle 01:00PM ET",0
"WR","Travis Benjamin",3000,"NO@Cle 01:00PM ET",3.125
"TE","Tim Wright",3000,"NE@Min 01:00PM ET",8.831
"TE","Ryan Griffin",3000,"Hou@Oak 04:25PM ET",3.293
"TE","Chris Gragg",3000,"Mia@Buf 01:00PM ET",1.811
"WR","Jarius Wright",3000,"NE@Min 01:00PM ET",5.463
"RB","Brandon Bolden",3000,"NE@Min 01:00PM ET",5.807
"TE","Luke Willson",3000,"Sea@SD 04:05PM ET",2.995
"WR","Damaris Johnson",3000,"Hou@Oak 04:25PM ET",0.185
"RB","Latavius Murray",3000,"Hou@Oak 04:25PM ET",0
"RB","Lance Dunbar",3000,"Dal@Ten 01:00PM ET",2.989
"TE","Joseph Fauria",3000,"Det@Car 01:00PM ET",5.169
"TE","Josh Hill",3000,"NO@Cle 01:00PM ET",1.300
"WR","John Brown",3000,"Ari@NYG 01:00PM ET",0
"TE","Jack Doyle",3000,"Phi@Ind 08:30PM ET",0.506
"WR","Russell Shepard",3000,"StL@TB 04:05PM ET",0.000
"RB","Zurlon Tipton",3000,"Phi@Ind 08:30PM ET",0
"TE","Vance McDonald",3000,"Chi@SF 08:30PM ET",1.233
"RB","Knile Davis",3000,"KC@Den 04:25PM ET",5.924
"RB","Mike James",3000,"StL@TB 04:05PM ET",5.653
"RB","Tommy Bohanon",3000,"NYJ@GB 04:25PM ET",1.506
"WR","Ryan Grant",3000,"Jax@Was 01:00PM ET",0
"RB","Rex Burkhead",3000,"Atl@Cin 01:00PM ET",0.000
"WR","Mike Campanaro",3000,"Pit@Bal 08:25PM ET",0
"RB","Kyle Juszczyk",3000,"Pit@Bal 08:25PM ET",0.000
"RB","Bryce Brown",3000,"Mia@Buf 01:00PM ET",3.812
"TE","Ryan Hewitt",3000,"Atl@Cin 01:00PM ET",0
"TE","Levine Toilolo",3000,"Atl@Cin 01:00PM ET",1.781
"RB","Ray Agnew",3000,"NO@Cle 01:00PM ET",0
"RB","Branden Oliver",3000,"Sea@SD 04:05PM ET",0
"WR","Dri Archer",3000,"Pit@Bal 08:25PM ET",0
"WR","Marquise Goodwin",3000,"Mia@Buf 01:00PM ET",5.300
"TE","Gavin Escobar",3000,"Dal@Ten 01:00PM ET",2.150
"WR","Kevin Norwood",3000,"Sea@SD 04:05PM ET",0
"TE","Tyler Eifert",3000,"Atl@Cin 01:00PM ET",5.969
"RB","Theo Riddick",3000,"Det@Car 01:00PM ET",1.079
"WR","Rodney Smith",3000,"NE@Min 01:00PM ET",0.000
"RB","Trey Watts",3000,"StL@TB 04:05PM ET",0
"TE","Alex Bayer",3000,"StL@TB 04:05PM ET",0
"WR","Ricardo Lockette",3000,"Sea@SD 04:05PM ET",1.445
"RB","Christine Michael",3000,"Sea@SD 04:05PM ET",1.975
"WR","Denard Robinson",3000,"Jax@Was 01:00PM ET",0.288
"RB","Fitzgerald Toussaint",3000,"Pit@Bal 08:25PM ET",0
"TE","Dion Sims",3000,"Mia@Buf 01:00PM ET",1.013
"WR","Devin Street",3000,"Dal@Ten 01:00PM ET",0
"WR","Marlon Brown",3000,"Pit@Bal 08:25PM ET",10.371
"RB","Ronnie Hillman",3000,"KC@Den 04:25PM ET",5.070
"WR","Aaron Dobson",3000,"NE@Min 01:00PM ET",9.323
"TE","Brandon Bostick",3000,"NYJ@GB 04:25PM ET",2.273
"WR","Justin Brown",3000,"Pit@Bal 08:25PM ET",0
"RB","Alfred Blue",3000,"Hou@Oak 04:25PM ET",0
"WR","James Wright",3000,"Atl@Cin 01:00PM ET",0
"TE","Brandon Williams",3000,"Det@Car 01:00PM ET",0.000
"TE","Cooper Helfet",3000,"Sea@SD 04:05PM ET",0
"RB","Storm Johnson",3000,"Jax@Was 01:00PM ET",0
"TE","Crockett Gillmore",3000,"Pit@Bal 08:25PM ET",0
"TE","Trey Burton",3000,"Phi@Ind 08:30PM ET",0
"WR","Solomon Patton",3000,"StL@TB 04:05PM ET",0
"WR","Da'Rick Rogers",3000,"Phi@Ind 08:30PM ET",7.686
"RB","Silas Redd",3000,"Jax@Was 01:00PM ET",0
"RB","Jay Prosch",3000,"Hou@Oak 04:25PM ET",0
"RB","Orleans Darkwa",3000,"Mia@Buf 01:00PM ET",0
"RB","Joseph Randle",3000,"Dal@Ten 01:00PM ET",3.269
"TE","C.J. Fiedorowicz",3000,"Hou@Oak 04:25PM ET",0
"RB","Senorise Perry",3000,"Chi@SF 08:30PM ET",0
"WR","Walt Powell",3000,"NYJ@GB 04:25PM ET",0
"WR","Josh Huff",3000,"Phi@Ind 08:30PM ET",0
"RB","Juwan Thompson",3000,"KC@Den 04:25PM ET",0
"RB","James White",3000,"NE@Min 01:00PM ET",0
"WR","Albert Wilson",3000,"KC@Den 04:25PM ET",0
"WR","Rishard Matthews",3000,"Mia@Buf 01:00PM ET",6.300
"WR","Andre Holmes",3000,"Hou@Oak 04:25PM ET",7.710
"WR","Corey Fuller",3000,"Det@Car 01:00PM ET",0
"RB","Jamize Olawale",3000,"Hou@Oak 04:25PM ET",0.869
"WR","Paul Richardson",3000,"Sea@SD 04:05PM ET",0
"WR","Robert Herron",3000,"StL@TB 04:05PM ET",0
"TE","Harold Hoskins",3000,"Mia@Buf 01:00PM ET",0
"WR","Isaiah Burse",3000,"KC@Den 04:25PM ET",0
"WR","Jalen Saunders",3000,"NYJ@GB 04:25PM ET",0
"RB","Jerick McKinnon",3000,"NE@Min 01:00PM ET",0
"WR","Chris Hogan",3000,"Mia@Buf 01:00PM ET",1.144
"WR","Saalim Hakim",3000,"NYJ@GB 04:25PM ET",-0.100
"WR","Philly Brown",3000,"Det@Car 01:00PM ET",0
"WR","Jarvis Landry",3000,"Mia@Buf 01:00PM ET",0
"WR","Quinton Patton",3000,"Chi@SF 08:30PM ET",1.489
"RB","Devonta Freeman",3000,"Atl@Cin 01:00PM ET",0
"RB","Tre Mason",3000,"StL@TB 04:05PM ET",0
"TE","Austin Seferian-Jenkins",3000,"StL@TB 04:05PM ET",0
"RB","Ka'Deem Carey",3000,"Chi@SF 08:30PM ET",0
"WR","Martavis Bryant",3000,"Pit@Bal 08:25PM ET",0
"TE","Demetrius Harris",3000,"KC@Den 04:25PM ET",0
"WR","Bruce Ellington",3000,"Chi@SF 08:30PM ET",0
"TE","Jace Amaro",3000,"NYJ@GB 04:25PM ET",0
"WR","Donte Moncrief",3000,"Phi@Ind 08:30PM ET",0
"RB","C.J. Anderson",3000,"KC@Den 04:25PM ET",1.183
"TE","Richard Rodgers",3000,"NYJ@GB 04:25PM ET",0
"RB","De'Anthony Thomas",3000,"KC@Den 04:25PM ET",0
"RB","Bishop Sankey",3000,"Dal@Ten 01:00PM ET",0
"WR","Cody Latimer",3000,"KC@Den 04:25PM ET",0
"WR","Allen Robinson",3000,"Jax@Was 01:00PM ET",0
"WR","Davante Adams",3000,"NYJ@GB 04:25PM ET",0
"RB","Jeremy Hill",3000,"Atl@Cin 01:00PM ET",0
"TE","Derek Carrier",3000,"Chi@SF 08:30PM ET",0.000
"RB","Damien Williams",3000,"Mia@Buf 01:00PM ET",0
"TE","Brian Leonhardt",3000,"Hou@Oak 04:25PM ET",0
"RB","Lorenzo Taliaferro",3000,"Pit@Bal 08:25PM ET",0
"WR","Adam Thielen",3000,"NE@Min 01:00PM ET",0
"RB","Khiry Robinson",3000,"NO@Cle 01:00PM ET",3.908
"WR","Taylor Gabriel",3000,"NO@Cle 01:00PM ET",0
"WR","Corey Washington",3000,"Ari@NYG 01:00PM ET",0
"WR","Jeff Janis",3000,"NYJ@GB 04:25PM ET",0
"DST","Titans ",2900,"Dal@Ten 01:00PM ET",7.375
"DST","Giants ",2900,"Ari@NYG 01:00PM ET",7.563
"DST","Redskins ",2900,"Jax@Was 01:00PM ET",6.375
"DST","Panthers ",2900,"Det@Car 01:00PM ET",11.529
"DST","Bears ",2800,"Chi@SF 08:30PM ET",7.375
"DST","Jets ",2800,"NYJ@GB 04:25PM ET",6.188
"DST","Chargers ",2800,"Sea@SD 04:05PM ET",6.222
"DST","Falcons ",2700,"Atl@Cin 01:00PM ET",5.250
"DST","Vikings ",2700,"NE@Min 01:00PM ET",5.625
"DST","Browns ",2600,"NO@Cle 01:00PM ET",7.125
"DST","Colts ",2600,"Phi@Ind 08:30PM ET",7.667
"DST","Eagles ",2600,"Phi@Ind 08:30PM ET",7.588
"DST","Chiefs ",2500,"KC@Den 04:25PM ET",12.471
"DST","Jaguars ",2500,"Jax@Was 01:00PM ET",5.438
"DST","Cowboys ",2400,"Dal@Ten 01:00PM ET",7.688
